Latitude (X),Longitude(Y),Depth
-74.5291812,39.4962443,2.8000000
-74.5292531,39.4961330,2.4000000
-74.5292890,39.4960216,2.9000000
-74.5292980,39.4959033,3.6000000
-74.5292980,39.4957989,3.3000000
-74.5292801,39.4956945,3.4000000
-74.5292531,39.4955623,3.4000000
-74.5292621,39.4953952,3.5000000
-74.5292621,39.4952561,2.9000000
-74.5292531,39.4951308,2.6000000
-74.5292711,39.4950194,2.6000000
-74.5292711,39.4949359,2.6000000
-74.5292441,39.4948733,2.7000000
-74.5295765,39.4943374,2.6000000
-74.5296124,39.4943165,2.6000000
-74.5296034,39.4943652,2.6000000
-74.5296124,39.4944418,2.6000000
-74.5296214,39.4945462,2.6000000
-74.5296034,39.4947201,2.5000000
-74.5296034,39.4948872,2.6000000
-74.5295765,39.4950055,2.7000000
-74.5295765,39.4951586,3.0000000
-74.5295855,39.4953048,2.9000000
-74.5296034,39.4955136,3.0000000
-74.5296124,39.4956458,3.4000000
-74.5296124,39.4957989,3.2000000
-74.5296124,39.4959242,3.3000000
-74.5296214,39.4960216,3.6000000
-74.5295944,39.4961956,2.5000000
-74.5295765,39.4963070,2.6000000
-74.5295495,39.4963835,2.5000000
-74.5303400,39.4966341,2.7000000
-74.5303310,39.4964392,2.8000000
-74.5303400,39.4962722,3.5000000
-74.5303400,39.4960634,3.7000000
-74.5303580,39.4958755,3.3000000
-74.5303580,39.4957084,2.8000000
-74.5303760,39.4955414,2.8000000
-74.5303400,39.4953744,2.8000000
-74.5303310,39.4952143,2.7000000
-74.5302951,39.4950403,2.7000000
-74.5303580,39.4949916,2.9000000
-74.5303580,39.4948245,2.6000000
-74.5302951,39.4946853,2.7000000
-74.5302771,39.4945740,2.6000000
-74.5307263,39.4946714,2.7000000
-74.5307263,39.4947897,2.6000000
-74.5307173,39.4949289,2.7000000
-74.5307263,39.4950960,3.0000000
-74.5307353,39.4952491,2.9000000
-74.5307532,39.4954231,2.7000000
-74.5307892,39.4955553,2.6000000
-74.5307981,39.4957084,2.8000000
-74.5308161,39.4958755,3.1000000
-74.5308341,39.4960495,2.9000000
-74.5308251,39.4962095,3.1000000
-74.5308341,39.4963905,2.8000000
-74.5308790,39.4965854,2.5000000
-74.5308880,39.4967246,2.7000000
-74.5314090,39.4966619,2.7000000
-74.5315168,39.4965714,2.7000000
-74.5315437,39.4964601,2.7000000
-74.5315527,39.4963348,2.7000000
-74.5314000,39.4962443,3.1000000
-74.5312383,39.4960703,3.1000000
-74.5311754,39.4958546,2.8000000
-74.5311754,39.4955971,2.8000000
-74.5311754,39.4953674,2.8000000
-74.5311754,39.4951377,2.7000000
-74.5312203,39.4949220,2.7000000
-74.5312563,39.4947132,2.6000000
-74.5319210,39.4945531,2.4000000
-74.5320198,39.4946158,2.5000000
-74.5320018,39.4947758,3.0000000
-74.5319749,39.4950055,2.6000000
-74.5319479,39.4952630,2.7000000
-74.5319030,39.4955344,2.7000000
-74.5318761,39.4957920,2.7000000
-74.5318940,39.4960564,3.0000000
-74.5319210,39.4963209,2.5000000
-74.5319210,39.4965645,2.5000000
-74.5324510,39.4966828,2.8000000
-74.5325947,39.4966341,2.7000000
-74.5325228,39.4964044,2.7000000
-74.5324420,39.4961330,2.6000000
-74.5324150,39.4959172,2.9000000
-74.5324061,39.4957084,3.0000000
-74.5323791,39.4954718,2.7000000
-74.5323432,39.4952282,2.7000000
-74.5322983,39.4949568,2.5000000
-74.5322623,39.4947201,2.5000000
-74.5322444,39.4946158,2.6000000
-74.5328103,39.4943513,2.7000000
-74.5329091,39.4943722,2.7000000
-74.5328732,39.4945810,2.6000000
-74.5329091,39.4948245,2.5000000
-74.5329450,39.4950612,2.5000000
-74.5329540,39.4952839,2.7000000
-74.5329630,39.4955414,2.6000000
-74.5329899,39.4957920,2.7000000
-74.5330259,39.4960564,2.5000000
-74.5330618,39.4963418,2.7000000
-74.5330528,39.4965993,2.7000000
-74.5330708,39.4967246,2.7000000
-74.5313820,39.4965854,2.8000000
-74.5311934,39.4964810,3.0000000
-74.5312293,39.4963348,3.0000000
-74.5335559,39.4965784,2.8000000
-74.5334750,39.4964322,2.9000000
-74.5334391,39.4962722,2.4000000
-74.5334211,39.4961121,2.4000000
-74.5333852,39.4959451,2.6000000
-74.5333223,39.4956945,2.8000000
-74.5333133,39.4954648,2.7000000
-74.5333133,39.4952909,2.8000000
-74.5333043,39.4951099,2.8000000
-74.5333133,39.4948802,2.4000000
-74.5332864,39.4946505,2.4000000
-74.5332684,39.4945392,2.7000000
-74.5332325,39.4943652,3.0000000
-74.5339331,39.4944905,2.7000000
-74.5339691,39.4946088,2.7000000
-74.5339870,39.4947132,2.5000000
-74.5340140,39.4948593,2.5000000
-74.5340230,39.4950751,2.5000000
-74.5340230,39.4952143,2.4000000
-74.5340409,39.4953187,2.7000000
-74.5340499,39.4954509,2.6000000
-74.5340499,39.4956180,2.6000000
-74.5340589,39.4957850,2.6000000
-74.5340589,39.4959033,2.5000000
-74.5340679,39.4960425,2.5000000
-74.5340499,39.4961678,2.7000000
-74.5340769,39.4962652,2.7000000
-74.5345080,39.4958337,2.7000000
-74.5346158,39.4957363,2.7000000
-74.5345799,39.4955484,2.9000000
-74.5346248,39.4954161,2.7000000
-74.5345799,39.4953048,2.6000000
-74.5345260,39.4951308,2.8000000
-74.5345440,39.4949568,2.7000000
-74.5345619,39.4948037,2.7000000
-74.5345799,39.4947410,2.8000000
-74.5345979,39.4946923,1.6000000
-74.5350560,39.4950055,2.4000000
-74.5351548,39.4950751,2.8000000
-74.5351368,39.4952630,2.7000000
-74.5351548,39.4954231,2.4000000
-74.5351548,39.4955692,2.5000000
-74.5351458,39.4957850,2.8000000
-74.5351368,39.4959520,2.7000000
-74.5351009,39.4960495,1.6000000
-74.5352087,39.4953883,2.7000000
-74.5349662,39.4954231,2.7000000
-74.5347775,39.4954648,2.7000000
-74.5345889,39.4954927,2.4000000
-74.5343823,39.4954857,2.6000000
-74.5341667,39.4954927,2.6000000
-74.5339691,39.4954927,2.7000000
-74.5337625,39.4954857,2.7000000
-74.5335648,39.4954788,2.8000000
-74.5333672,39.4954718,2.8000000
-74.5331786,39.4954788,3.1000000
-74.5329540,39.4954579,3.0000000
-74.5327474,39.4954370,3.2000000
-74.5325318,39.4954370,3.0000000
-74.5323252,39.4954440,2.8000000
-74.5321276,39.4954161,2.7000000
-74.5318940,39.4954092,2.8000000
-74.5317144,39.4954092,2.7000000
-74.5315168,39.4953883,2.8000000
-74.5313102,39.4953674,2.8000000
-74.5311395,39.4953465,2.7000000
-74.5310137,39.4953326,3.1000000
-74.5307981,39.4953187,3.1000000
-74.5306454,39.4952839,3.2000000
-74.5304568,39.4952769,3.1000000
-74.5302771,39.4952839,2.8000000
-74.5301155,39.4952561,3.1000000
-74.5299358,39.4952213,2.9000000
-74.5297651,39.4951934,2.7000000
-74.5295765,39.4951656,2.8000000
-74.5293878,39.4951308,2.8000000
-74.5291812,39.4951029,2.7000000
-74.5290824,39.4950751,2.9000000
-74.5289746,39.4952352,3.1000000
-74.5288399,39.4954579,3.3000000
-74.5288219,39.4955344,4.2000000
-74.5288219,39.4956110,4.7000000
-74.5287860,39.4957084,4.2000000
-74.5287680,39.4958059,3.7000000
-74.5287680,39.4959033,4.0000000
-74.5287680,39.4959868,3.1000000
-74.5287590,39.4960495,2.6000000
-74.5301244,39.4968498,2.2000000
-74.5300526,39.4968220,3.3000000
-74.5300526,39.4967037,2.7000000
-74.5300436,39.4965923,2.9000000
-74.5300526,39.4964670,3.1000000
-74.5300705,39.4963348,3.6000000
-74.5300885,39.4962513,3.5000000
-74.5301424,39.4961121,3.9000000
-74.5300526,39.4960495,3.7000000
-74.5301424,39.4958824,3.6000000
-74.5301244,39.4957502,3.5000000
-74.5300885,39.4956180,3.2000000
-74.5300616,39.4954857,3.1000000
-74.5300436,39.4953465,2.9000000
-74.5300526,39.4952004,2.9000000
-74.5300795,39.4950264,3.0000000
-74.5300885,39.4948454,2.7000000
-74.5300795,39.4947201,2.7000000
-74.5300795,39.4945531,2.7000000
-74.5300795,39.4944696,2.6000000
-74.5314719,39.4945114,2.7000000
-74.5315437,39.4946575,2.7000000
-74.5315707,39.4948524,2.6000000
-74.5315796,39.4950403,2.8000000
-74.5316066,39.4952213,2.7000000
-74.5316425,39.4954509,2.7000000
-74.5316425,39.4956180,2.7000000
-74.5316335,39.4958198,2.7000000
-74.5316246,39.4959242,2.7000000
-74.5315976,39.4961469,2.8000000
-74.5315617,39.4963626,2.7000000
-74.5315707,39.4965436,2.6000000
-74.5315796,39.4966341,2.6000000
-74.5326845,39.4965993,2.5000000
-74.5326845,39.4964322,2.4000000
-74.5326396,39.4961817,2.7000000
-74.5325857,39.4959172,2.9000000
-74.5325318,39.4956249,3.3000000
-74.5325498,39.4953883,2.5000000
-74.5325408,39.4952073,2.8000000
-74.5325408,39.4949777,2.9000000
-74.5325408,39.4947410,2.7000000
-74.5325498,39.4945879,2.5000000
-74.5286600,39.4956600,0.0000000
-74.5286500,39.4956700,0.0000000
-74.5286500,39.4956700,0.0000000
-74.5286400,39.4956800,0.0000000
-74.5286400,39.4956900,0.0000000
-74.5286400,39.4957000,0.0000000
-74.5286300,39.4957100,0.0000000
-74.5286300,39.4957200,0.0000000
-74.5286300,39.4957200,0.0000000
-74.5286300,39.4957300,0.0000000
-74.5286200,39.4957400,0.0000000
-74.5286200,39.4957400,0.0000000
-74.5286100,39.4957500,0.0000000
-74.5286100,39.4957600,0.0000000
-74.5286100,39.4957700,0.0000000
-74.5286100,39.4957800,0.0000000
-74.5286100,39.4957900,0.0000000
-74.5286100,39.4958000,0.0000000
-74.5286000,39.4958100,0.0000000
-74.5286000,39.4958200,0.0000000
-74.5285900,39.4958300,0.0000000
-74.5285900,39.4958400,0.0000000
-74.5285900,39.4958500,0.0000000
-74.5285900,39.4958500,0.0000000
-74.5285900,39.4958600,0.0000000
-74.5286000,39.4958700,0.0000000
-74.5286000,39.4958800,0.0000000
-74.5286000,39.4959000,0.0000000
-74.5286000,39.4959000,0.0000000
-74.5285900,39.4959100,0.0000000
-74.5286000,39.4959200,0.0000000
-74.5286000,39.4959300,0.0000000
-74.5286000,39.4959400,0.0000000
-74.5286100,39.4959500,0.0000000
-74.5286100,39.4959700,0.0000000
-74.5286000,39.4959800,0.0000000
-74.5286000,39.4959900,0.0000000
-74.5286000,39.4960000,0.0000000
-74.5286000,39.4960100,0.0000000
-74.5286000,39.4960200,0.0000000
-74.5286100,39.4960300,0.0000000
-74.5286100,39.4960400,0.0000000
-74.5286100,39.4960600,0.0000000
-74.5286100,39.4960700,0.0000000
-74.5286100,39.4960900,0.0000000
-74.5286000,39.4961000,0.0000000
-74.5286000,39.4961100,0.0000000
-74.5286000,39.4961200,0.0000000
-74.5286100,39.4961300,0.0000000
-74.5286100,39.4961400,0.0000000
-74.5286000,39.4961400,0.0000000
-74.5286000,39.4961500,0.0000000
-74.5286000,39.4961700,0.0000000
-74.5286100,39.4961700,0.0000000
-74.5286100,39.4961900,0.0000000
-74.5286100,39.4962000,0.0000000
-74.5286300,39.4962000,0.0000000
-74.5286300,39.4962200,0.0000000
-74.5286300,39.4962300,0.0000000
-74.5286300,39.4962400,0.0000000
-74.5286400,39.4962500,0.0000000
-74.5286300,39.4962500,0.0000000
-74.5286300,39.4962700,0.0000000
-74.5286300,39.4962800,0.0000000
-74.5286400,39.4962900,0.0000000
-74.5286400,39.4963000,0.0000000
-74.5286500,39.4963100,0.0000000
-74.5286500,39.4963200,0.0000000
-74.5286600,39.4963300,0.0000000
-74.5286800,39.4963400,0.0000000
-74.5286900,39.4963400,0.0000000
-74.5287000,39.4963300,0.0000000
-74.5287200,39.4963300,0.0000000
-74.5287200,39.4963300,0.0000000
-74.5287300,39.4963300,0.0000000
-74.5287500,39.4963300,0.0000000
-74.5287600,39.4963300,0.0000000
-74.5287800,39.4963300,0.0000000
-74.5287800,39.4963200,0.0000000
-74.5288000,39.4963300,0.0000000
-74.5288000,39.4963300,0.0000000
-74.5288100,39.4963300,0.0000000
-74.5288200,39.4963300,0.0000000
-74.5288200,39.4963300,0.0000000
-74.5288300,39.4963400,0.0000000
-74.5288500,39.4963400,0.0000000
-74.5288500,39.4963400,0.0000000
-74.5288700,39.4963400,0.0000000
-74.5288700,39.4963400,0.0000000
-74.5288800,39.4963500,0.0000000
-74.5288900,39.4963500,0.0000000
-74.5289000,39.4963600,0.0000000
-74.5289100,39.4963600,0.0000000
-74.5289200,39.4963600,0.0000000
-74.5289300,39.4963700,0.0000000
-74.5289400,39.4963700,0.0000000
-74.5289500,39.4963700,0.0000000
-74.5289500,39.4963900,0.0000000
-74.5289700,39.4963900,0.0000000
-74.5289700,39.4964100,0.0000000
-74.5289800,39.4964100,0.0000000
-74.5290100,39.4964100,0.0000000
-74.5290100,39.4964200,0.0000000
-74.5290200,39.4964300,0.0000000
-74.5290400,39.4964300,0.0000000
-74.5290500,39.4964300,0.0000000
-74.5290600,39.4964500,0.0000000
-74.5290800,39.4964600,0.0000000
-74.5291000,39.4964600,0.0000000
-74.5291100,39.4964800,0.0000000
-74.5291100,39.4964800,0.0000000
-74.5291100,39.4964900,0.0000000
-74.5291200,39.4964900,0.0000000
-74.5291300,39.4965000,0.0000000
-74.5291400,39.4965100,0.0000000
-74.5291500,39.4965200,0.0000000
-74.5291700,39.4965200,0.0000000
-74.5291700,39.4965200,0.0000000
-74.5291800,39.4965200,0.0000000
-74.5291700,39.4965200,0.0000000
-74.5291800,39.4965200,0.0000000
-74.5291900,39.4965300,0.0000000
-74.5292100,39.4965300,0.0000000
-74.5292100,39.4965500,0.0000000
-74.5292200,39.4965500,0.0000000
-74.5292400,39.4965600,0.0000000
-74.5292600,39.4965600,0.0000000
-74.5292700,39.4965700,0.0000000
-74.5292700,39.4965700,0.0000000
-74.5292800,39.4965800,0.0000000
-74.5293000,39.4965800,0.0000000
-74.5293000,39.4965800,0.0000000
-74.5293200,39.4965900,0.0000000
-74.5293200,39.4965900,0.0000000
-74.5293400,39.4966000,0.0000000
-74.5293400,39.4966200,0.0000000
-74.5293400,39.4966400,0.0000000
-74.5293600,39.4966500,0.0000000
-74.5293700,39.4966600,0.0000000
-74.5293700,39.4966700,0.0000000
-74.5293700,39.4966700,0.0000000
-74.5293700,39.4966900,0.0000000
-74.5293700,39.4967000,0.0000000
-74.5293700,39.4967200,0.0000000
-74.5293900,39.4967200,0.0000000
-74.5294000,39.4967300,0.0000000
-74.5294100,39.4967300,0.0000000
-74.5294200,39.4967400,0.0000000
-74.5294300,39.4967500,0.0000000
-74.5294300,39.4967600,0.0000000
-74.5294400,39.4967700,0.0000000
-74.5294500,39.4967800,0.0000000
-74.5294600,39.4967800,0.0000000
-74.5294700,39.4968000,0.0000000
-74.5294800,39.4968000,0.0000000
-74.5294900,39.4968100,0.0000000
-74.5295000,39.4968200,0.0000000
-74.5295100,39.4968300,0.0000000
-74.5295200,39.4968400,0.0000000
-74.5295200,39.4968500,0.0000000
-74.5295300,39.4968500,0.0000000
-74.5295400,39.4968600,0.0000000
-74.5295500,39.4968700,0.0000000
-74.5295600,39.4968700,0.0000000
-74.5295700,39.4968800,0.0000000
-74.5295800,39.4968800,0.0000000
-74.5295900,39.4968800,0.0000000
-74.5296100,39.4968800,0.0000000
-74.5296200,39.4968700,0.0000000
-74.5296400,39.4968700,0.0000000
-74.5296600,39.4968800,0.0000000
-74.5296600,39.4968700,0.0000000
-74.5296700,39.4968700,0.0000000
-74.5296800,39.4968800,0.0000000
-74.5296900,39.4968800,0.0000000
-74.5297000,39.4968800,0.0000000
-74.5297100,39.4968800,0.0000000
-74.5297200,39.4968900,0.0000000
-74.5297300,39.4969000,0.0000000
-74.5297500,39.4969200,0.0000000
-74.5297600,39.4969300,0.0000000
-74.5297700,39.4969400,0.0000000
-74.5297900,39.4969500,0.0000000
-74.5297800,39.4969500,0.0000000
-74.5297900,39.4969600,0.0000000
-74.5298000,39.4969700,0.0000000
-74.5298200,39.4969900,0.0000000
-74.5298300,39.4969900,0.0000000
-74.5298500,39.4970000,0.0000000
-74.5298500,39.4970100,0.0000000
-74.5298600,39.4970200,0.0000000
-74.5298800,39.4970300,0.0000000
-74.5298800,39.4970400,0.0000000
-74.5298800,39.4970400,0.0000000
-74.5298800,39.4970500,0.0000000
-74.5299000,39.4970600,0.0000000
-74.5299100,39.4970700,0.0000000
-74.5299100,39.4970800,0.0000000
-74.5299200,39.4970900,0.0000000
-74.5299300,39.4971000,0.0000000
-74.5299400,39.4971000,0.0000000
-74.5299400,39.4971200,0.0000000
-74.5299500,39.4971200,0.0000000
-74.5299500,39.4971300,0.0000000
-74.5299500,39.4971400,0.0000000
-74.5299700,39.4971400,0.0000000
-74.5299800,39.4971400,0.0000000
-74.5299900,39.4971500,0.0000000
-74.5300100,39.4971500,0.0000000
-74.5300100,39.4971600,0.0000000
-74.5300300,39.4971600,0.0000000
-74.5300400,39.4971600,0.0000000
-74.5300600,39.4971600,0.0000000
-74.5300800,39.4971600,0.0000000
-74.5300800,39.4971700,0.0000000
-74.5300900,39.4971700,0.0000000
-74.5301000,39.4971800,0.0000000
-74.5301100,39.4971800,0.0000000
-74.5301300,39.4971800,0.0000000
-74.5301400,39.4971800,0.0000000
-74.5301600,39.4971800,0.0000000
-74.5301700,39.4971800,0.0000000
-74.5301900,39.4971700,0.0000000
-74.5302000,39.4971600,0.0000000
-74.5302100,39.4971500,0.0000000
-74.5302200,39.4971500,0.0000000
-74.5302400,39.4971400,0.0000000
-74.5302500,39.4971300,0.0000000
-74.5302600,39.4971300,0.0000000
-74.5302700,39.4971200,0.0000000
-74.5303000,39.4971200,0.0000000
-74.5303000,39.4971200,0.0000000
-74.5303200,39.4971100,0.0000000
-74.5303300,39.4971100,0.0000000
-74.5303500,39.4971000,0.0000000
-74.5303600,39.4971000,0.0000000
-74.5303800,39.4971000,0.0000000
-74.5303900,39.4970900,0.0000000
-74.5304000,39.4970900,0.0000000
-74.5304000,39.4970900,0.0000000
-74.5304000,39.4970800,0.0000000
-74.5304200,39.4970700,0.0000000
-74.5304200,39.4970600,0.0000000
-74.5304200,39.4970600,0.0000000
-74.5304300,39.4970500,0.0000000
-74.5304400,39.4970400,0.0000000
-74.5304500,39.4970400,0.0000000
-74.5304600,39.4970400,0.0000000
-74.5304600,39.4970400,0.0000000
-74.5304800,39.4970400,0.0000000
-74.5304900,39.4970300,0.0000000
-74.5305100,39.4970300,0.0000000
-74.5305300,39.4970200,0.0000000
-74.5305300,39.4970200,0.0000000
-74.5305500,39.4970200,0.0000000
-74.5305600,39.4970100,0.0000000
-74.5305700,39.4970100,0.0000000
-74.5305900,39.4970100,0.0000000
-74.5306000,39.4970100,0.0000000
-74.5306200,39.4970000,0.0000000
-74.5306200,39.4969900,0.0000000
-74.5306200,39.4969900,0.0000000
-74.5306400,39.4969800,0.0000000
-74.5306500,39.4969900,0.0000000
-74.5306500,39.4969900,0.0000000
-74.5306800,39.4969800,0.0000000
-74.5306900,39.4969700,0.0000000
-74.5307200,39.4969600,0.0000000
-74.5307300,39.4969500,0.0000000
-74.5307400,39.4969500,0.0000000
-74.5307500,39.4969400,0.0000000
-74.5307700,39.4969400,0.0000000
-74.5307900,39.4969400,0.0000000
-74.5308000,39.4969400,0.0000000
-74.5308200,39.4969500,0.0000000
-74.5308200,39.4969600,0.0000000
-74.5308400,39.4969600,0.0000000
-74.5308500,39.4969700,0.0000000
-74.5308700,39.4969600,0.0000000
-74.5308800,39.4969600,0.0000000
-74.5308800,39.4969600,0.0000000
-74.5308900,39.4969600,0.0000000
-74.5308900,39.4969600,0.0000000
-74.5309000,39.4969600,0.0000000
-74.5309000,39.4969600,0.0000000
-74.5309100,39.4969600,0.0000000
-74.5309100,39.4969600,0.0000000
-74.5309200,39.4969600,0.0000000
-74.5309400,39.4969600,0.0000000
-74.5309400,39.4969600,0.0000000
-74.5309400,39.4969700,0.0000000
-74.5309400,39.4969700,0.0000000
-74.5309600,39.4969600,0.0000000
-74.5309800,39.4969600,0.0000000
-74.5309800,39.4969700,0.0000000
-74.5310100,39.4969600,0.0000000
-74.5310300,39.4969500,0.0000000
-74.5310500,39.4969400,0.0000000
-74.5310700,39.4969400,0.0000000
-74.5310700,39.4969300,0.0000000
-74.5310900,39.4969300,0.0000000
-74.5311000,39.4969300,0.0000000
-74.5311100,39.4969300,0.0000000
-74.5311200,39.4969400,0.0000000
-74.5311300,39.4969400,0.0000000
-74.5311400,39.4969400,0.0000000
-74.5311500,39.4969400,0.0000000
-74.5311600,39.4969400,0.0000000
-74.5311700,39.4969500,0.0000000
-74.5311800,39.4969400,0.0000000
-74.5312000,39.4969400,0.0000000
-74.5312000,39.4969400,0.0000000
-74.5312000,39.4969400,0.0000000
-74.5312100,39.4969400,0.0000000
-74.5312200,39.4969400,0.0000000
-74.5312300,39.4969400,0.0000000
-74.5312400,39.4969300,0.0000000
-74.5312600,39.4969300,0.0000000
-74.5312800,39.4969300,0.0000000
-74.5313000,39.4969300,0.0000000
-74.5313100,39.4969300,0.0000000
-74.5313300,39.4969300,0.0000000
-74.5313300,39.4969200,0.0000000
-74.5313300,39.4969200,0.0000000
-74.5313400,39.4969300,0.0000000
-74.5313500,39.4969200,0.0000000
-74.5313600,39.4969100,0.0000000
-74.5313900,39.4968900,0.0000000
-74.5314000,39.4968900,0.0000000
-74.5314200,39.4968900,0.0000000
-74.5314400,39.4968900,0.0000000
-74.5314600,39.4968800,0.0000000
-74.5314700,39.4968900,0.0000000
-74.5314900,39.4968900,0.0000000
-74.5315100,39.4968800,0.0000000
-74.5315200,39.4968800,0.0000000
-74.5315400,39.4968800,0.0000000
-74.5315500,39.4968700,0.0000000
-74.5315600,39.4968700,0.0000000
-74.5315700,39.4968600,0.0000000
-74.5315900,39.4968700,0.0000000
-74.5316000,39.4968700,0.0000000
-74.5316200,39.4968700,0.0000000
-74.5316400,39.4968700,0.0000000
-74.5316500,39.4968700,0.0000000
-74.5316600,39.4968700,0.0000000
-74.5316800,39.4968800,0.0000000
-74.5317000,39.4968600,0.0000000
-74.5317100,39.4968600,0.0000000
-74.5317200,39.4968500,0.0000000
-74.5317300,39.4968500,0.0000000
-74.5317400,39.4968500,0.0000000
-74.5317500,39.4968500,0.0000000
-74.5317700,39.4968500,0.0000000
-74.5317800,39.4968600,0.0000000
-74.5317800,39.4968600,0.0000000
-74.5317900,39.4968800,0.0000000
-74.5318000,39.4968900,0.0000000
-74.5318200,39.4968900,0.0000000
-74.5318400,39.4969000,0.0000000
-74.5318400,39.4969000,0.0000000
-74.5318600,39.4969000,0.0000000
-74.5318700,39.4969000,0.0000000
-74.5318800,39.4969000,0.0000000
-74.5318800,39.4969100,0.0000000
-74.5318900,39.4969200,0.0000000
-74.5318900,39.4969300,0.0000000
-74.5319100,39.4969300,0.0000000
-74.5319100,39.4969400,0.0000000
-74.5319100,39.4969400,0.0000000
-74.5319200,39.4969500,0.0000000
-74.5319400,39.4969600,0.0000000
-74.5319400,39.4969600,0.0000000
-74.5319400,39.4969600,0.0000000
-74.5319500,39.4969600,0.0000000
-74.5319700,39.4969600,0.0000000
-74.5319800,39.4969600,0.0000000
-74.5320000,39.4969700,0.0000000
-74.5320100,39.4969700,0.0000000
-74.5320400,39.4969800,0.0000000
-74.5320400,39.4969900,0.0000000
-74.5320600,39.4969900,0.0000000
-74.5320700,39.4969900,0.0000000
-74.5320900,39.4969900,0.0000000
-74.5321000,39.4969900,0.0000000
-74.5321200,39.4970000,0.0000000
-74.5321300,39.4970000,0.0000000
-74.5321400,39.4970100,0.0000000
-74.5321600,39.4970100,0.0000000
-74.5321700,39.4970100,0.0000000
-74.5321800,39.4970100,0.0000000
-74.5322000,39.4970100,0.0000000
-74.5322300,39.4970100,0.0000000
-74.5322500,39.4970200,0.0000000
-74.5322600,39.4970200,0.0000000
-74.5322800,39.4970200,0.0000000
-74.5323000,39.4970100,0.0000000
-74.5323100,39.4970100,0.0000000
-74.5323300,39.4970000,0.0000000
-74.5323600,39.4969900,0.0000000
-74.5323600,39.4970000,0.0000000
-74.5323800,39.4970000,0.0000000
-74.5323900,39.4970000,0.0000000
-74.5323900,39.4970000,0.0000000
-74.5324100,39.4970100,0.0000000
-74.5324200,39.4970100,0.0000000
-74.5324400,39.4970000,0.0000000
-74.5324400,39.4970100,0.0000000
-74.5324600,39.4970100,0.0000000
-74.5324700,39.4970100,0.0000000
-74.5324900,39.4970100,0.0000000
-74.5324900,39.4970100,0.0000000
-74.5325100,39.4970100,0.0000000
-74.5325200,39.4970000,0.0000000
-74.5325400,39.4970100,0.0000000
-74.5325500,39.4969900,0.0000000
-74.5325800,39.4969900,0.0000000
-74.5325900,39.4969900,0.0000000
-74.5325900,39.4969900,0.0000000
-74.5326000,39.4969900,0.0000000
-74.5326200,39.4969900,0.0000000
-74.5326300,39.4969800,0.0000000
-74.5326400,39.4969800,0.0000000
-74.5326500,39.4969900,0.0000000
-74.5326600,39.4969800,0.0000000
-74.5326700,39.4969800,0.0000000
-74.5326800,39.4969800,0.0000000
-74.5326800,39.4969900,0.0000000
-74.5327000,39.4969900,0.0000000
-74.5327100,39.4969900,0.0000000
-74.5327100,39.4969900,0.0000000
-74.5327200,39.4970000,0.0000000
-74.5327200,39.4970100,0.0000000
-74.5327400,39.4970100,0.0000000
-74.5327500,39.4970200,0.0000000
-74.5327600,39.4970200,0.0000000
-74.5327700,39.4970200,0.0000000
-74.5327800,39.4970200,0.0000000
-74.5327900,39.4970200,0.0000000
-74.5327900,39.4970400,0.0000000
-74.5327900,39.4970400,0.0000000
-74.5328000,39.4970500,0.0000000
-74.5328000,39.4970600,0.0000000
-74.5328000,39.4970700,0.0000000
-74.5328100,39.4970700,0.0000000
-74.5328100,39.4970900,0.0000000
-74.5328100,39.4971000,0.0000000
-74.5328200,39.4971100,0.0000000
-74.5328200,39.4971200,0.0000000
-74.5328200,39.4971300,0.0000000
-74.5328300,39.4971400,0.0000000
-74.5328400,39.4971500,0.0000000
-74.5328600,39.4971500,0.0000000
-74.5328600,39.4971700,0.0000000
-74.5328800,39.4971800,0.0000000
-74.5328900,39.4972000,0.0000000
-74.5329100,39.4972000,0.0000000
-74.5329200,39.4972100,0.0000000
-74.5329300,39.4972200,0.0000000
-74.5329400,39.4972200,0.0000000
-74.5329500,39.4972200,0.0000000
-74.5329600,39.4972300,0.0000000
-74.5329700,39.4972300,0.0000000
-74.5329800,39.4972300,0.0000000
-74.5330000,39.4972300,0.0000000
-74.5330100,39.4972300,0.0000000
-74.5330200,39.4972300,0.0000000
-74.5330200,39.4972300,0.0000000
-74.5330400,39.4972400,0.0000000
-74.5330400,39.4972400,0.0000000
-74.5330600,39.4972500,0.0000000
-74.5330800,39.4972500,0.0000000
-74.5331000,39.4972500,0.0000000
-74.5331100,39.4972600,0.0000000
-74.5331300,39.4972600,0.0000000
-74.5331400,39.4972700,0.0000000
-74.5331600,39.4972700,0.0000000
-74.5331600,39.4972700,0.0000000
-74.5331800,39.4972700,0.0000000
-74.5331900,39.4972700,0.0000000
-74.5332200,39.4972700,0.0000000
-74.5332300,39.4972700,0.0000000
-74.5332400,39.4972600,0.0000000
-74.5332500,39.4972600,0.0000000
-74.5332500,39.4972500,0.0000000
-74.5332600,39.4972500,0.0000000
-74.5332600,39.4972500,0.0000000
-74.5332600,39.4972500,0.0000000
-74.5332700,39.4972400,0.0000000
-74.5332800,39.4972300,0.0000000
-74.5332900,39.4972200,0.0000000
-74.5332900,39.4972100,0.0000000
-74.5332900,39.4972100,0.0000000
-74.5332900,39.4972000,0.0000000
-74.5332900,39.4972000,0.0000000
-74.5332900,39.4971900,0.0000000
-74.5332900,39.4971800,0.0000000
-74.5333100,39.4971800,0.0000000
-74.5333100,39.4971700,0.0000000
-74.5333200,39.4971700,0.0000000
-74.5333300,39.4971600,0.0000000
-74.5333500,39.4971600,0.0000000
-74.5333600,39.4971500,0.0000000
-74.5333600,39.4971500,0.0000000
-74.5333700,39.4971400,0.0000000
-74.5333900,39.4971400,0.0000000
-74.5333900,39.4971200,0.0000000
-74.5333900,39.4971300,0.0000000
-74.5334000,39.4971200,0.0000000
-74.5334200,39.4971100,0.0000000
-74.5334300,39.4971000,0.0000000
-74.5334500,39.4971000,0.0000000
-74.5334600,39.4970900,0.0000000
-74.5334700,39.4970800,0.0000000
-74.5334900,39.4970700,0.0000000
-74.5334900,39.4970600,0.0000000
-74.5334900,39.4970500,0.0000000
-74.5334900,39.4970400,0.0000000
-74.5334800,39.4970300,0.0000000
-74.5334800,39.4970300,0.0000000
-74.5334900,39.4970200,0.0000000
-74.5335000,39.4970100,0.0000000
-74.5335200,39.4969900,0.0000000
-74.5335200,39.4969800,0.0000000
-74.5335400,39.4969600,0.0000000
-74.5335500,39.4969500,0.0000000
-74.5335700,39.4969400,0.0000000
-74.5335800,39.4969300,0.0000000
-74.5335900,39.4969100,0.0000000
-74.5336000,39.4969100,0.0000000
-74.5336100,39.4969000,0.0000000
-74.5336100,39.4968900,0.0000000
-74.5336200,39.4968800,0.0000000
-74.5336300,39.4968800,0.0000000
-74.5336500,39.4968600,0.0000000
-74.5336600,39.4968500,0.0000000
-74.5336700,39.4968400,0.0000000
-74.5336800,39.4968400,0.0000000
-74.5337000,39.4968400,0.0000000
-74.5337100,39.4968400,0.0000000
-74.5337100,39.4968300,0.0000000
-74.5337200,39.4968200,0.0000000
-74.5337300,39.4968200,0.0000000
-74.5337400,39.4968100,0.0000000
-74.5337400,39.4968100,0.0000000
-74.5337600,39.4968000,0.0000000
-74.5337700,39.4967900,0.0000000
-74.5337800,39.4967900,0.0000000
-74.5338000,39.4967800,0.0000000
-74.5338100,39.4967800,0.0000000
-74.5338200,39.4967800,0.0000000
-74.5338400,39.4967800,0.0000000
-74.5338500,39.4967700,0.0000000
-74.5338700,39.4967700,0.0000000
-74.5338900,39.4967700,0.0000000
-74.5339100,39.4967500,0.0000000
-74.5339100,39.4967500,0.0000000
-74.5339200,39.4967600,0.0000000
-74.5339300,39.4967500,0.0000000
-74.5339300,39.4967500,0.0000000
-74.5339400,39.4967500,0.0000000
-74.5339400,39.4967500,0.0000000
-74.5339600,39.4967400,0.0000000
-74.5339700,39.4967400,0.0000000
-74.5339800,39.4967400,0.0000000
-74.5339800,39.4967300,0.0000000
-74.5340000,39.4967200,0.0000000
-74.5340100,39.4967100,0.0000000
-74.5340200,39.4967000,0.0000000
-74.5340300,39.4967000,0.0000000
-74.5340400,39.4967000,0.0000000
-74.5340600,39.4967000,0.0000000
-74.5340700,39.4967000,0.0000000
-74.5340800,39.4966900,0.0000000
-74.5341000,39.4966900,0.0000000
-74.5341000,39.4966800,0.0000000
-74.5341200,39.4966700,0.0000000
-74.5341300,39.4966700,0.0000000
-74.5341300,39.4966700,0.0000000
-74.5341400,39.4966700,0.0000000
-74.5341500,39.4966700,0.0000000
-74.5341600,39.4966600,0.0000000
-74.5341800,39.4966600,0.0000000
-74.5342000,39.4966500,0.0000000
-74.5342200,39.4966500,0.0000000
-74.5342300,39.4966400,0.0000000
-74.5342400,39.4966300,0.0000000
-74.5342600,39.4966300,0.0000000
-74.5342600,39.4966200,0.0000000
-74.5342700,39.4966200,0.0000000
-74.5342800,39.4966200,0.0000000
-74.5342900,39.4966100,0.0000000
-74.5343100,39.4966000,0.0000000
-74.5343200,39.4966000,0.0000000
-74.5343200,39.4966000,0.0000000
-74.5343400,39.4966000,0.0000000
-74.5343600,39.4965900,0.0000000
-74.5343700,39.4965900,0.0000000
-74.5343900,39.4965800,0.0000000
-74.5344100,39.4965700,0.0000000
-74.5344300,39.4965700,0.0000000
-74.5344400,39.4965700,0.0000000
-74.5344500,39.4965600,0.0000000
-74.5344700,39.4965600,0.0000000
-74.5344800,39.4965500,0.0000000
-74.5345000,39.4965500,0.0000000
-74.5345200,39.4965500,0.0000000
-74.5345300,39.4965400,0.0000000
-74.5345500,39.4965300,0.0000000
-74.5345700,39.4965200,0.0000000
-74.5345800,39.4965100,0.0000000
-74.5345900,39.4965100,0.0000000
-74.5346100,39.4965100,0.0000000
-74.5346100,39.4965100,0.0000000
-74.5346300,39.4965100,0.0000000
-74.5346500,39.4965100,0.0000000
-74.5346500,39.4965100,0.0000000
-74.5346600,39.4965100,0.0000000
-74.5346800,39.4965100,0.0000000
-74.5346800,39.4965100,0.0000000
-74.5347000,39.4965100,0.0000000
-74.5347200,39.4965100,0.0000000
-74.5347400,39.4965100,0.0000000
-74.5347600,39.4965100,0.0000000
-74.5347600,39.4965200,0.0000000
-74.5347700,39.4965300,0.0000000
-74.5347900,39.4965300,0.0000000
-74.5348000,39.4965400,0.0000000
-74.5348100,39.4965400,0.0000000
-74.5348100,39.4965400,0.0000000
-74.5348200,39.4965400,0.0000000
-74.5348500,39.4965400,0.0000000
-74.5348700,39.4965400,0.0000000
-74.5348900,39.4965500,0.0000000
-74.5349000,39.4965500,0.0000000
-74.5349100,39.4965500,0.0000000
-74.5349300,39.4965500,0.0000000
-74.5349300,39.4965500,0.0000000
-74.5349500,39.4965600,0.0000000
-74.5349700,39.4965500,0.0000000
-74.5349900,39.4965600,0.0000000
-74.5350000,39.4965600,0.0000000
-74.5350100,39.4965700,0.0000000
-74.5350200,39.4965700,0.0000000
-74.5350300,39.4965700,0.0000000
-74.5350400,39.4965800,0.0000000
-74.5350500,39.4965800,0.0000000
-74.5350600,39.4965800,0.0000000
-74.5350800,39.4965800,0.0000000
-74.5350900,39.4965800,0.0000000
-74.5351000,39.4965900,0.0000000
-74.5351100,39.4965800,0.0000000
-74.5351200,39.4965800,0.0000000
-74.5351300,39.4965800,0.0000000
-74.5351400,39.4965800,0.0000000
-74.5351600,39.4965800,0.0000000
-74.5351600,39.4965900,0.0000000
-74.5351700,39.4966000,0.0000000
-74.5351900,39.4966000,0.0000000
-74.5351900,39.4965900,0.0000000
-74.5352200,39.4966000,0.0000000
-74.5352200,39.4965900,0.0000000
-74.5352400,39.4965900,0.0000000
-74.5352600,39.4965900,0.0000000
-74.5352700,39.4966000,0.0000000
-74.5352900,39.4966000,0.0000000
-74.5353100,39.4966000,0.0000000
-74.5353200,39.4966000,0.0000000
-74.5353400,39.4966000,0.0000000
-74.5353600,39.4965900,0.0000000
-74.5353800,39.4965900,0.0000000
-74.5354000,39.4965900,0.0000000
-74.5354200,39.4965900,0.0000000
-74.5354400,39.4966000,0.0000000
-74.5354500,39.4966000,0.0000000
-74.5354700,39.4966000,0.0000000
-74.5354800,39.4965900,0.0000000
-74.5354900,39.4965900,0.0000000
-74.5355000,39.4965900,0.0000000
-74.5355100,39.4965800,0.0000000
-74.5355400,39.4965800,0.0000000
-74.5355500,39.4965700,0.0000000
-74.5355700,39.4965700,0.0000000
-74.5355900,39.4965700,0.0000000
-74.5356100,39.4965700,0.0000000
-74.5356200,39.4965700,0.0000000
-74.5356300,39.4965700,0.0000000
-74.5356400,39.4965600,0.0000000
-74.5356500,39.4965600,0.0000000
-74.5356600,39.4965600,0.0000000
-74.5356800,39.4965500,0.0000000
-74.5356900,39.4965500,0.0000000
-74.5357000,39.4965500,0.0000000
-74.5357100,39.4965500,0.0000000
-74.5357200,39.4965400,0.0000000
-74.5357300,39.4965400,0.0000000
-74.5357300,39.4965300,0.0000000
-74.5357400,39.4965200,0.0000000
-74.5357400,39.4965200,0.0000000
-74.5357600,39.4965100,0.0000000
-74.5357700,39.4965000,0.0000000
-74.5357700,39.4965000,0.0000000
-74.5357800,39.4965000,0.0000000
-74.5357800,39.4965000,0.0000000
-74.5357800,39.4965100,0.0000000
-74.5357900,39.4965100,0.0000000
-74.5358000,39.4965100,0.0000000
-74.5358000,39.4965100,0.0000000
-74.5358000,39.4965100,0.0000000
-74.5358000,39.4965100,0.0000000
-74.5358000,39.4965100,0.0000000
-74.5358000,39.4965100,0.0000000
-74.5358100,39.4965100,0.0000000
-74.5358200,39.4965100,0.0000000
-74.5358200,39.4965000,0.0000000
-74.5358300,39.4964900,0.0000000
-74.5358300,39.4964900,0.0000000
-74.5358400,39.4964900,0.0000000
-74.5358400,39.4964800,0.0000000
-74.5358400,39.4964800,0.0000000
-74.5358400,39.4964700,0.0000000
-74.5358500,39.4964700,0.0000000
-74.5358700,39.4964600,0.0000000
-74.5358700,39.4964600,0.0000000
-74.5358700,39.4964500,0.0000000
-74.5358700,39.4964500,0.0000000
-74.5358900,39.4964400,0.0000000
-74.5359000,39.4964200,0.0000000
-74.5359100,39.4964100,0.0000000
-74.5359300,39.4964000,0.0000000
-74.5359400,39.4963900,0.0000000
-74.5359600,39.4963800,0.0000000
-74.5359600,39.4963700,0.0000000
-74.5359600,39.4963600,0.0000000
-74.5359800,39.4963400,0.0000000
-74.5359900,39.4963300,0.0000000
-74.5359800,39.4963300,0.0000000
-74.5359900,39.4963200,0.0000000
-74.5359900,39.4963100,0.0000000
-74.5359900,39.4963100,0.0000000
-74.5359900,39.4963000,0.0000000
-74.5359900,39.4962900,0.0000000
-74.5359900,39.4962900,0.0000000
-74.5359800,39.4962800,0.0000000
-74.5359800,39.4962600,0.0000000
-74.5359900,39.4962500,0.0000000
-74.5360000,39.4962400,0.0000000
-74.5360000,39.4962300,0.0000000
-74.5360000,39.4962300,0.0000000
-74.5360000,39.4962200,0.0000000
-74.5360000,39.4962100,0.0000000
-74.5360000,39.4962000,0.0000000
-74.5360000,39.4961800,0.0000000
-74.5360100,39.4961700,0.0000000
-74.5360200,39.4961700,0.0000000
-74.5360200,39.4961500,0.0000000
-74.5360300,39.4961400,0.0000000
-74.5360300,39.4961400,0.0000000
-74.5360300,39.4961200,0.0000000
-74.5360300,39.4961200,0.0000000
-74.5360300,39.4961100,0.0000000
-74.5360300,39.4960900,0.0000000
-74.5360300,39.4960800,0.0000000
-74.5360300,39.4960800,0.0000000
-74.5360300,39.4960700,0.0000000
-74.5360300,39.4960500,0.0000000
-74.5360300,39.4960400,0.0000000
-74.5360300,39.4960200,0.0000000
-74.5360400,39.4960100,0.0000000
-74.5360500,39.4959900,0.0000000
-74.5360600,39.4959800,0.0000000
-74.5360600,39.4959800,0.0000000
-74.5360600,39.4959600,0.0000000
-74.5360600,39.4959500,0.0000000
-74.5360600,39.4959400,0.0000000
-74.5360700,39.4959300,0.0000000
-74.5360800,39.4959100,0.0000000
-74.5360900,39.4959100,0.0000000
-74.5360900,39.4958900,0.0000000
-74.5360900,39.4958800,0.0000000
-74.5360900,39.4958700,0.0000000
-74.5360900,39.4958600,0.0000000
-74.5360900,39.4958400,0.0000000
-74.5360900,39.4958300,0.0000000
-74.5360900,39.4958200,0.0000000
-74.5360900,39.4958100,0.0000000
-74.5360900,39.4958000,0.0000000
-74.5361000,39.4957900,0.0000000
-74.5361000,39.4957800,0.0000000
-74.5361000,39.4957700,0.0000000
-74.5361000,39.4957600,0.0000000
-74.5360900,39.4957500,0.0000000
-74.5360900,39.4957400,0.0000000
-74.5360900,39.4957300,0.0000000
-74.5360900,39.4957200,0.0000000
-74.5361000,39.4957100,0.0000000
-74.5361000,39.4957000,0.0000000
-74.5361000,39.4956900,0.0000000
-74.5361000,39.4956800,0.0000000
-74.5361000,39.4956700,0.0000000
-74.5361000,39.4956600,0.0000000
-74.5361000,39.4956400,0.0000000
-74.5361100,39.4956400,0.0000000
-74.5361000,39.4956300,0.0000000
-74.5361000,39.4956300,0.0000000
-74.5361000,39.4956200,0.0000000
-74.5361100,39.4956200,0.0000000
-74.5361200,39.4956100,0.0000000
-74.5361200,39.4956000,0.0000000
-74.5361200,39.4955900,0.0000000
-74.5361100,39.4955900,0.0000000
-74.5361100,39.4955800,0.0000000
-74.5361100,39.4955900,0.0000000
-74.5361100,39.4955900,0.0000000
-74.5361200,39.4955900,0.0000000
-74.5361200,39.4955800,0.0000000
-74.5361200,39.4955700,0.0000000
-74.5361200,39.4955600,0.0000000
-74.5361300,39.4955500,0.0000000
-74.5361300,39.4955400,0.0000000
-74.5361300,39.4955300,0.0000000
-74.5361300,39.4955300,0.0000000
-74.5361300,39.4955300,0.0000000
-74.5361300,39.4955300,0.0000000
-74.5361300,39.4955300,0.0000000
-74.5361400,39.4955300,0.0000000
-74.5361400,39.4955300,0.0000000
-74.5361300,39.4955300,0.0000000
-74.5361300,39.4955300,0.0000000
-74.5361300,39.4955200,0.0000000
-74.5361300,39.4955200,0.0000000
-74.5361300,39.4955200,0.0000000
-74.5361300,39.4955200,0.0000000
-74.5361300,39.4955100,0.0000000
-74.5361300,39.4955000,0.0000000
-74.5361400,39.4954900,0.0000000
-74.5361400,39.4954800,0.0000000
-74.5361400,39.4954800,0.0000000
-74.5361500,39.4954700,0.0000000
-74.5361600,39.4954600,0.0000000
-74.5361600,39.4954500,0.0000000
-74.5361700,39.4954400,0.0000000
-74.5361700,39.4954300,0.0000000
-74.5361700,39.4954300,0.0000000
-74.5361600,39.4954200,0.0000000
-74.5361600,39.4954100,0.0000000
-74.5361600,39.4954000,0.0000000
-74.5361600,39.4953900,0.0000000
-74.5361600,39.4953800,0.0000000
-74.5361600,39.4953800,0.0000000
-74.5361700,39.4953700,0.0000000
-74.5361600,39.4953600,0.0000000
-74.5361600,39.4953500,0.0000000
-74.5361600,39.4953500,0.0000000
-74.5361600,39.4953300,0.0000000
-74.5361700,39.4953300,0.0000000
-74.5361800,39.4953200,0.0000000
-74.5361800,39.4953100,0.0000000
-74.5361900,39.4953000,0.0000000
-74.5361900,39.4952800,0.0000000
-74.5361900,39.4952700,0.0000000
-74.5361900,39.4952500,0.0000000
-74.5361800,39.4952400,0.0000000
-74.5361700,39.4952400,0.0000000
-74.5361600,39.4952200,0.0000000
-74.5361600,39.4952100,0.0000000
-74.5361600,39.4952000,0.0000000
-74.5361600,39.4951900,0.0000000
-74.5361500,39.4951800,0.0000000
-74.5361500,39.4951700,0.0000000
-74.5361400,39.4951600,0.0000000
-74.5361400,39.4951500,0.0000000
-74.5361400,39.4951400,0.0000000
-74.5361300,39.4951300,0.0000000
-74.5361300,39.4951200,0.0000000
-74.5361300,39.4951100,0.0000000
-74.5361200,39.4951000,0.0000000
-74.5361100,39.4950900,0.0000000
-74.5361200,39.4950900,0.0000000
-74.5361100,39.4950900,0.0000000
-74.5360900,39.4950800,0.0000000
-74.5360800,39.4950800,0.0000000
-74.5360700,39.4950700,0.0000000
-74.5360600,39.4950600,0.0000000
-74.5360600,39.4950500,0.0000000
-74.5360600,39.4950400,0.0000000
-74.5360400,39.4950300,0.0000000
-74.5360300,39.4950300,0.0000000
-74.5360300,39.4950200,0.0000000
-74.5360200,39.4950200,0.0000000
-74.5360100,39.4950200,0.0000000
-74.5360000,39.4950100,0.0000000
-74.5359900,39.4950100,0.0000000
-74.5359700,39.4950000,0.0000000
-74.5359600,39.4949900,0.0000000
-74.5359600,39.4949900,0.0000000
-74.5359400,39.4949800,0.0000000
-74.5359300,39.4949700,0.0000000
-74.5359100,39.4949600,0.0000000
-74.5359000,39.4949600,0.0000000
-74.5358800,39.4949600,0.0000000
-74.5358600,39.4949500,0.0000000
-74.5358500,39.4949500,0.0000000
-74.5358400,39.4949500,0.0000000
-74.5358200,39.4949500,0.0000000
-74.5358000,39.4949500,0.0000000
-74.5357900,39.4949500,0.0000000
-74.5357700,39.4949400,0.0000000
-74.5357600,39.4949400,0.0000000
-74.5357500,39.4949400,0.0000000
-74.5357400,39.4949300,0.0000000
-74.5357200,39.4949300,0.0000000
-74.5357100,39.4949300,0.0000000
-74.5356900,39.4949300,0.0000000
-74.5356800,39.4949300,0.0000000
-74.5356700,39.4949300,0.0000000
-74.5356500,39.4949200,0.0000000
-74.5356400,39.4949200,0.0000000
-74.5356400,39.4949200,0.0000000
-74.5356300,39.4949100,0.0000000
-74.5356100,39.4949200,0.0000000
-74.5355900,39.4949200,0.0000000
-74.5355900,39.4949100,0.0000000
-74.5355800,39.4949100,0.0000000
-74.5355600,39.4949000,0.0000000
-74.5355500,39.4949000,0.0000000
-74.5355300,39.4949000,0.0000000
-74.5355100,39.4948900,0.0000000
-74.5355100,39.4948900,0.0000000
-74.5354900,39.4948800,0.0000000
-74.5354800,39.4948800,0.0000000
-74.5354600,39.4948700,0.0000000
-74.5354500,39.4948800,0.0000000
-74.5354300,39.4948800,0.0000000
-74.5354200,39.4948800,0.0000000
-74.5354100,39.4948700,0.0000000
-74.5354000,39.4948700,0.0000000
-74.5353900,39.4948700,0.0000000
-74.5353800,39.4948700,0.0000000
-74.5353700,39.4948600,0.0000000
-74.5353500,39.4948500,0.0000000
-74.5353400,39.4948500,0.0000000
-74.5353200,39.4948400,0.0000000
-74.5353100,39.4948400,0.0000000
-74.5352900,39.4948300,0.0000000
-74.5352900,39.4948300,0.0000000
-74.5352700,39.4948200,0.0000000
-74.5352600,39.4948200,0.0000000
-74.5352500,39.4948100,0.0000000
-74.5352400,39.4948100,0.0000000
-74.5352200,39.4948000,0.0000000
-74.5352100,39.4947900,0.0000000
-74.5351900,39.4947900,0.0000000
-74.5351800,39.4947900,0.0000000
-74.5351700,39.4947800,0.0000000
-74.5351600,39.4947700,0.0000000
-74.5351500,39.4947700,0.0000000
-74.5351500,39.4947600,0.0000000
-74.5351300,39.4947600,0.0000000
-74.5351200,39.4947600,0.0000000
-74.5351100,39.4947500,0.0000000
-74.5351000,39.4947500,0.0000000
-74.5350800,39.4947500,0.0000000
-74.5350700,39.4947500,0.0000000
-74.5350600,39.4947500,0.0000000
-74.5350500,39.4947500,0.0000000
-74.5350300,39.4947400,0.0000000
-74.5350300,39.4947300,0.0000000
-74.5350200,39.4947200,0.0000000
-74.5350000,39.4947200,0.0000000
-74.5349900,39.4947200,0.0000000
-74.5349800,39.4947200,0.0000000
-74.5349700,39.4947100,0.0000000
-74.5349600,39.4947100,0.0000000
-74.5349400,39.4947000,0.0000000
-74.5349300,39.4947000,0.0000000
-74.5349300,39.4946900,0.0000000
-74.5349200,39.4946900,0.0000000
-74.5349000,39.4946800,0.0000000
-74.5348900,39.4946700,0.0000000
-74.5348700,39.4946600,0.0000000
-74.5348700,39.4946500,0.0000000
-74.5348600,39.4946400,0.0000000
-74.5348500,39.4946400,0.0000000
-74.5348400,39.4946300,0.0000000
-74.5348300,39.4946200,0.0000000
-74.5348100,39.4946100,0.0000000
-74.5348000,39.4946000,0.0000000
-74.5347800,39.4945900,0.0000000
-74.5347700,39.4945800,0.0000000
-74.5347600,39.4945800,0.0000000
-74.5347400,39.4945700,0.0000000
-74.5347300,39.4945600,0.0000000
-74.5347100,39.4945600,0.0000000
-74.5347000,39.4945500,0.0000000
-74.5346800,39.4945400,0.0000000
-74.5346800,39.4945300,0.0000000
-74.5346600,39.4945300,0.0000000
-74.5346500,39.4945300,0.0000000
-74.5346400,39.4945200,0.0000000
-74.5346200,39.4945200,0.0000000
-74.5346100,39.4945100,0.0000000
-74.5345900,39.4945100,0.0000000
-74.5345700,39.4945000,0.0000000
-74.5345600,39.4945000,0.0000000
-74.5345400,39.4945000,0.0000000
-74.5345200,39.4944900,0.0000000
-74.5345100,39.4944900,0.0000000
-74.5345000,39.4944900,0.0000000
-74.5344800,39.4944800,0.0000000
-74.5344700,39.4944800,0.0000000
-74.5344500,39.4944800,0.0000000
-74.5344400,39.4944700,0.0000000
-74.5344200,39.4944600,0.0000000
-74.5344100,39.4944600,0.0000000
-74.5343900,39.4944500,0.0000000
-74.5343800,39.4944500,0.0000000
-74.5343700,39.4944500,0.0000000
-74.5343600,39.4944500,0.0000000
-74.5343400,39.4944500,0.0000000
-74.5343200,39.4944400,0.0000000
-74.5343100,39.4944300,0.0000000
-74.5342900,39.4944300,0.0000000
-74.5342900,39.4944300,0.0000000
-74.5342800,39.4944200,0.0000000
-74.5342600,39.4944100,0.0000000
-74.5342600,39.4944100,0.0000000
-74.5342400,39.4944000,0.0000000
-74.5342300,39.4944000,0.0000000
-74.5342100,39.4944000,0.0000000
-74.5342000,39.4944000,0.0000000
-74.5342000,39.4944000,0.0000000
-74.5341900,39.4944000,0.0000000
-74.5341900,39.4944000,0.0000000
-74.5341700,39.4944000,0.0000000
-74.5341600,39.4943900,0.0000000
-74.5341500,39.4943800,0.0000000
-74.5341300,39.4943800,0.0000000
-74.5341300,39.4943700,0.0000000
-74.5341100,39.4943700,0.0000000
-74.5341000,39.4943700,0.0000000
-74.5340900,39.4943600,0.0000000
-74.5340700,39.4943600,0.0000000
-74.5340700,39.4943600,0.0000000
-74.5340500,39.4943500,0.0000000
-74.5340300,39.4943500,0.0000000
-74.5340300,39.4943400,0.0000000
-74.5340100,39.4943400,0.0000000
-74.5340000,39.4943300,0.0000000
-74.5339900,39.4943300,0.0000000
-74.5339800,39.4943300,0.0000000
-74.5339600,39.4943200,0.0000000
-74.5339400,39.4943200,0.0000000
-74.5339400,39.4943200,0.0000000
-74.5339200,39.4943100,0.0000000
-74.5339100,39.4943100,0.0000000
-74.5339000,39.4943100,0.0000000
-74.5338800,39.4943000,0.0000000
-74.5338700,39.4943000,0.0000000
-74.5338600,39.4943000,0.0000000
-74.5338500,39.4943000,0.0000000
-74.5338400,39.4942900,0.0000000
-74.5338200,39.4942900,0.0000000
-74.5338100,39.4942900,0.0000000
-74.5337900,39.4942800,0.0000000
-74.5337800,39.4942800,0.0000000
-74.5337700,39.4942700,0.0000000
-74.5337500,39.4942700,0.0000000
-74.5337400,39.4942700,0.0000000
-74.5337400,39.4942700,0.0000000
-74.5337200,39.4942700,0.0000000
-74.5337100,39.4942700,0.0000000
-74.5336900,39.4942600,0.0000000
-74.5336800,39.4942600,0.0000000
-74.5336600,39.4942600,0.0000000
-74.5336500,39.4942600,0.0000000
-74.5336400,39.4942600,0.0000000
-74.5336200,39.4942500,0.0000000
-74.5336000,39.4942500,0.0000000
-74.5335900,39.4942500,0.0000000
-74.5335800,39.4942400,0.0000000
-74.5335700,39.4942400,0.0000000
-74.5335500,39.4942400,0.0000000
-74.5335300,39.4942200,0.0000000
-74.5335100,39.4942200,0.0000000
-74.5334900,39.4942100,0.0000000
-74.5334800,39.4942100,0.0000000
-74.5334600,39.4942000,0.0000000
-74.5334500,39.4941900,0.0000000
-74.5334300,39.4941900,0.0000000
-74.5334200,39.4941900,0.0000000
-74.5334000,39.4941900,0.0000000
-74.5333900,39.4941900,0.0000000
-74.5333700,39.4941800,0.0000000
-74.5333600,39.4941800,0.0000000
-74.5333300,39.4941800,0.0000000
-74.5333300,39.4941800,0.0000000
-74.5333100,39.4941800,0.0000000
-74.5332900,39.4941700,0.0000000
-74.5332800,39.4941700,0.0000000
-74.5332600,39.4941700,0.0000000
-74.5332500,39.4941700,0.0000000
-74.5332300,39.4941600,0.0000000
-74.5332100,39.4941600,0.0000000
-74.5332000,39.4941600,0.0000000
-74.5331800,39.4941500,0.0000000
-74.5331700,39.4941500,0.0000000
-74.5331600,39.4941500,0.0000000
-74.5331500,39.4941500,0.0000000
-74.5331300,39.4941500,0.0000000
-74.5331200,39.4941500,0.0000000
-74.5331000,39.4941400,0.0000000
-74.5330800,39.4941300,0.0000000
-74.5330800,39.4941300,0.0000000
-74.5330700,39.4941300,0.0000000
-74.5330700,39.4941300,0.0000000
-74.5330700,39.4941300,0.0000000
-74.5330700,39.4941300,0.0000000
-74.5330500,39.4941200,0.0000000
-74.5330500,39.4941200,0.0000000
-74.5330400,39.4941200,0.0000000
-74.5330400,39.4941200,0.0000000
-74.5330400,39.4941200,0.0000000
-74.5330400,39.4941300,0.0000000
-74.5330300,39.4941300,0.0000000
-74.5330200,39.4941300,0.0000000
-74.5330000,39.4941300,0.0000000
-74.5329900,39.4941200,0.0000000
-74.5329700,39.4941200,0.0000000
-74.5329600,39.4941200,0.0000000
-74.5329500,39.4941100,0.0000000
-74.5329400,39.4941100,0.0000000
-74.5329300,39.4941100,0.0000000
-74.5329100,39.4941200,0.0000000
-74.5329000,39.4941200,0.0000000
-74.5328900,39.4941200,0.0000000
-74.5328800,39.4941200,0.0000000
-74.5328700,39.4941100,0.0000000
-74.5328600,39.4941100,0.0000000
-74.5328500,39.4941100,0.0000000
-74.5328400,39.4941100,0.0000000
-74.5328300,39.4941100,0.0000000
-74.5328200,39.4941000,0.0000000
-74.5328100,39.4941000,0.0000000
-74.5328000,39.4940900,0.0000000
-74.5327900,39.4940900,0.0000000
-74.5327700,39.4940900,0.0000000
-74.5327500,39.4940900,0.0000000
-74.5327400,39.4941000,0.0000000
-74.5327200,39.4941100,0.0000000
-74.5327100,39.4941100,0.0000000
-74.5327100,39.4941200,0.0000000
-74.5326900,39.4941200,0.0000000
-74.5326800,39.4941300,0.0000000
-74.5326800,39.4941400,0.0000000
-74.5326700,39.4941400,0.0000000
-74.5326500,39.4941500,0.0000000
-74.5326400,39.4941400,0.0000000
-74.5326200,39.4941600,0.0000000
-74.5326000,39.4941600,0.0000000
-74.5325900,39.4941700,0.0000000
-74.5325700,39.4941700,0.0000000
-74.5325500,39.4941800,0.0000000
-74.5325400,39.4941800,0.0000000
-74.5325300,39.4941900,0.0000000
-74.5325200,39.4942000,0.0000000
-74.5325000,39.4942000,0.0000000
-74.5324900,39.4942100,0.0000000
-74.5324800,39.4942200,0.0000000
-74.5324600,39.4942300,0.0000000
-74.5324600,39.4942400,0.0000000
-74.5324500,39.4942500,0.0000000
-74.5324300,39.4942600,0.0000000
-74.5324200,39.4942600,0.0000000
-74.5324100,39.4942600,0.0000000
-74.5324000,39.4942700,0.0000000
-74.5323900,39.4942800,0.0000000
-74.5323700,39.4942900,0.0000000
-74.5323600,39.4942900,0.0000000
-74.5323500,39.4942900,0.0000000
-74.5323400,39.4942900,0.0000000
-74.5323300,39.4943000,0.0000000
-74.5323200,39.4943000,0.0000000
-74.5323000,39.4943000,0.0000000
-74.5322800,39.4943100,0.0000000
-74.5322700,39.4943100,0.0000000
-74.5322600,39.4943100,0.0000000
-74.5322500,39.4943100,0.0000000
-74.5322400,39.4943100,0.0000000
-74.5322300,39.4943100,0.0000000
-74.5322200,39.4943100,0.0000000
-74.5322000,39.4943200,0.0000000
-74.5322000,39.4943300,0.0000000
-74.5321800,39.4943300,0.0000000
-74.5321700,39.4943300,0.0000000
-74.5321500,39.4943200,0.0000000
-74.5321400,39.4943200,0.0000000
-74.5321300,39.4943200,0.0000000
-74.5321100,39.4943200,0.0000000
-74.5321000,39.4943200,0.0000000
-74.5320900,39.4943200,0.0000000
-74.5320700,39.4943200,0.0000000
-74.5320500,39.4943100,0.0000000
-74.5320400,39.4943100,0.0000000
-74.5320300,39.4943200,0.0000000
-74.5320100,39.4943200,0.0000000
-74.5319900,39.4943200,0.0000000
-74.5319700,39.4943200,0.0000000
-74.5319700,39.4943100,0.0000000
-74.5319600,39.4943100,0.0000000
-74.5319400,39.4943000,0.0000000
-74.5319300,39.4943100,0.0000000
-74.5319100,39.4943000,0.0000000
-74.5319000,39.4943000,0.0000000
-74.5318900,39.4943000,0.0000000
-74.5318800,39.4943000,0.0000000
-74.5318700,39.4943000,0.0000000
-74.5318500,39.4942900,0.0000000
-74.5318400,39.4943000,0.0000000
-74.5318200,39.4943000,0.0000000
-74.5318100,39.4943000,0.0000000
-74.5318000,39.4943000,0.0000000
-74.5317800,39.4943000,0.0000000
-74.5317700,39.4943100,0.0000000
-74.5317600,39.4943000,0.0000000
-74.5317500,39.4943000,0.0000000
-74.5317300,39.4943000,0.0000000
-74.5317100,39.4943000,0.0000000
-74.5316900,39.4943000,0.0000000
-74.5316800,39.4942900,0.0000000
-74.5316600,39.4942900,0.0000000
-74.5316500,39.4942900,0.0000000
-74.5316400,39.4942800,0.0000000
-74.5316300,39.4942800,0.0000000
-74.5316200,39.4942800,0.0000000
-74.5316100,39.4942800,0.0000000
-74.5315900,39.4942800,0.0000000
-74.5315800,39.4942800,0.0000000
-74.5315600,39.4942800,0.0000000
-74.5315500,39.4942800,0.0000000
-74.5315200,39.4942800,0.0000000
-74.5315100,39.4942800,0.0000000
-74.5314900,39.4942800,0.0000000
-74.5314800,39.4942900,0.0000000
-74.5314600,39.4942900,0.0000000
-74.5314300,39.4942900,0.0000000
-74.5314200,39.4942900,0.0000000
-74.5314100,39.4942900,0.0000000
-74.5313900,39.4942800,0.0000000
-74.5313800,39.4942800,0.0000000
-74.5313700,39.4942800,0.0000000
-74.5313500,39.4942900,0.0000000
-74.5313300,39.4942900,0.0000000
-74.5313200,39.4942800,0.0000000
-74.5313000,39.4942900,0.0000000
-74.5312800,39.4942900,0.0000000
-74.5312700,39.4942900,0.0000000
-74.5312700,39.4942900,0.0000000
-74.5312500,39.4942900,0.0000000
-74.5312300,39.4942900,0.0000000
-74.5312200,39.4942900,0.0000000
-74.5312000,39.4942900,0.0000000
-74.5312000,39.4942900,0.0000000
-74.5311800,39.4942900,0.0000000
-74.5311800,39.4942900,0.0000000
-74.5311700,39.4942800,0.0000000
-74.5311500,39.4942800,0.0000000
-74.5311400,39.4942700,0.0000000
-74.5311200,39.4942700,0.0000000
-74.5311000,39.4942700,0.0000000
-74.5310900,39.4942700,0.0000000
-74.5310700,39.4942700,0.0000000
-74.5310500,39.4942700,0.0000000
-74.5310400,39.4942700,0.0000000
-74.5310100,39.4942700,0.0000000
-74.5310000,39.4942700,0.0000000
-74.5309900,39.4942700,0.0000000
-74.5309700,39.4942700,0.0000000
-74.5309500,39.4942700,0.0000000
-74.5309300,39.4942600,0.0000000
-74.5309200,39.4942700,0.0000000
-74.5309100,39.4942700,0.0000000
-74.5309000,39.4942700,0.0000000
-74.5308800,39.4942700,0.0000000
-74.5308700,39.4942600,0.0000000
-74.5308500,39.4942700,0.0000000
-74.5308500,39.4942700,0.0000000
-74.5308200,39.4942700,0.0000000
-74.5308100,39.4942600,0.0000000
-74.5307900,39.4942600,0.0000000
-74.5307800,39.4942700,0.0000000
-74.5307700,39.4942700,0.0000000
-74.5307500,39.4942700,0.0000000
-74.5307400,39.4942700,0.0000000
-74.5307200,39.4942600,0.0000000
-74.5307000,39.4942700,0.0000000
-74.5306900,39.4942700,0.0000000
-74.5306800,39.4942700,0.0000000
-74.5306700,39.4942700,0.0000000
-74.5306600,39.4942700,0.0000000
-74.5306400,39.4942800,0.0000000
-74.5306200,39.4942900,0.0000000
-74.5306200,39.4942900,0.0000000
-74.5306000,39.4942800,0.0000000
-74.5305900,39.4942800,0.0000000
-74.5305700,39.4942800,0.0000000
-74.5305600,39.4942800,0.0000000
-74.5305500,39.4942800,0.0000000
-74.5305300,39.4942700,0.0000000
-74.5305200,39.4942700,0.0000000
-74.5305100,39.4942700,0.0000000
-74.5305000,39.4942700,0.0000000
-74.5304900,39.4942700,0.0000000
-74.5304800,39.4942700,0.0000000
-74.5304600,39.4942600,0.0000000
-74.5304600,39.4942600,0.0000000
-74.5304400,39.4942500,0.0000000
-74.5304300,39.4942500,0.0000000
-74.5304100,39.4942500,0.0000000
-74.5304000,39.4942500,0.0000000
-74.5303700,39.4942500,0.0000000
-74.5303600,39.4942500,0.0000000
-74.5303400,39.4942600,0.0000000
-74.5303300,39.4942500,0.0000000
-74.5303100,39.4942600,0.0000000
-74.5303000,39.4942500,0.0000000
-74.5302900,39.4942400,0.0000000
-74.5302700,39.4942400,0.0000000
-74.5302400,39.4942200,0.0000000
-74.5302200,39.4942200,0.0000000
-74.5302000,39.4942200,0.0000000
-74.5301900,39.4942100,0.0000000
-74.5301700,39.4942200,0.0000000
-74.5301500,39.4942200,0.0000000
-74.5301400,39.4942100,0.0000000
-74.5301300,39.4942100,0.0000000
-74.5301100,39.4942100,0.0000000
-74.5300900,39.4942000,0.0000000
-74.5300800,39.4941900,0.0000000
-74.5300500,39.4941800,0.0000000
-74.5300400,39.4941700,0.0000000
-74.5300200,39.4941700,0.0000000
-74.5300100,39.4941700,0.0000000
-74.5300000,39.4941700,0.0000000
-74.5299800,39.4941700,0.0000000
-74.5299700,39.4941700,0.0000000
-74.5299600,39.4941700,0.0000000
-74.5299500,39.4941600,0.0000000
-74.5299300,39.4941600,0.0000000
-74.5299200,39.4941600,0.0000000
-74.5299100,39.4941600,0.0000000
-74.5299100,39.4941600,0.0000000
-74.5299100,39.4941600,0.0000000
-74.5299000,39.4941600,0.0000000
-74.5298800,39.4941600,0.0000000
-74.5298800,39.4941600,0.0000000
-74.5298500,39.4941600,0.0000000
-74.5298500,39.4941600,0.0000000
-74.5298400,39.4941600,0.0000000
-74.5298300,39.4941500,0.0000000
-74.5298200,39.4941600,0.0000000
-74.5298200,39.4941600,0.0000000
-74.5298100,39.4941500,0.0000000
-74.5297900,39.4941500,0.0000000
-74.5297700,39.4941500,0.0000000
-74.5297500,39.4941400,0.0000000
-74.5297500,39.4941400,0.0000000
-74.5297400,39.4941400,0.0000000
-74.5297200,39.4941400,0.0000000
-74.5297100,39.4941400,0.0000000
-74.5296900,39.4941400,0.0000000
-74.5296900,39.4941300,0.0000000
-74.5296700,39.4941300,0.0000000
-74.5296600,39.4941300,0.0000000
-74.5296400,39.4941300,0.0000000
-74.5296200,39.4941300,0.0000000
-74.5296200,39.4941300,0.0000000
-74.5295900,39.4941300,0.0000000
-74.5295600,39.4941300,0.0000000
-74.5295400,39.4941400,0.0000000
-74.5295200,39.4941500,0.0000000
-74.5295000,39.4941600,0.0000000
-74.5294900,39.4941600,0.0000000
-74.5294800,39.4941600,0.0000000
-74.5294600,39.4941700,0.0000000
-74.5294500,39.4941700,0.0000000
-74.5294400,39.4941700,0.0000000
-74.5294300,39.4941700,0.0000000
-74.5294300,39.4941800,0.0000000
-74.5294200,39.4941900,0.0000000
-74.5294200,39.4942000,0.0000000
-74.5294000,39.4942000,0.0000000
-74.5293900,39.4942000,0.0000000
-74.5293700,39.4942100,0.0000000
-74.5293700,39.4942100,0.0000000
-74.5293600,39.4942200,0.0000000
-74.5293500,39.4942300,0.0000000
-74.5293400,39.4942500,0.0000000
-74.5293400,39.4942600,0.0000000
-74.5293400,39.4942700,0.0000000
-74.5293300,39.4942900,0.0000000
-74.5293200,39.4942900,0.0000000
-74.5293000,39.4943000,0.0000000
-74.5293000,39.4943000,0.0000000
-74.5293000,39.4943100,0.0000000
-74.5292900,39.4943200,0.0000000
-74.5292800,39.4943300,0.0000000
-74.5292800,39.4943400,0.0000000
-74.5292700,39.4943500,0.0000000
-74.5292700,39.4943600,0.0000000
-74.5292700,39.4943700,0.0000000
-74.5292700,39.4943800,0.0000000
-74.5292700,39.4943900,0.0000000
-74.5292600,39.4944000,0.0000000
-74.5292600,39.4944100,0.0000000
-74.5292500,39.4944200,0.0000000
-74.5292500,39.4944300,0.0000000
-74.5292400,39.4944400,0.0000000
-74.5292400,39.4944500,0.0000000
-74.5292400,39.4944600,0.0000000
-74.5292400,39.4944700,0.0000000
-74.5292400,39.4944800,0.0000000
-74.5292400,39.4945000,0.0000000
-74.5292300,39.4945200,0.0000000
-74.5292200,39.4945400,0.0000000
-74.5292100,39.4945500,0.0000000
-74.5292100,39.4945700,0.0000000
-74.5292000,39.4945800,0.0000000
-74.5292000,39.4946000,0.0000000
-74.5291900,39.4946100,0.0000000
-74.5291800,39.4946300,0.0000000
-74.5291800,39.4946400,0.0000000
-74.5291800,39.4946500,0.0000000
-74.5291800,39.4946600,0.0000000
-74.5291700,39.4946800,0.0000000
-74.5291700,39.4946900,0.0000000
-74.5291700,39.4947100,0.0000000
-74.5291700,39.4947200,0.0000000
-74.5291700,39.4947300,0.0000000
-74.5291600,39.4947400,0.0000000
-74.5291600,39.4947500,0.0000000
-74.5291500,39.4947700,0.0000000
-74.5291500,39.4947700,0.0000000
-74.5291400,39.4947800,0.0000000
-74.5291400,39.4947900,0.0000000
-74.5291300,39.4948000,0.0000000
-74.5291200,39.4948100,0.0000000
-74.5291100,39.4948200,0.0000000
-74.5291100,39.4948300,0.0000000
-74.5290900,39.4948400,0.0000000
-74.5290800,39.4948500,0.0000000
-74.5290800,39.4948600,0.0000000
-74.5290700,39.4948700,0.0000000
-74.5290600,39.4948800,0.0000000
-74.5290500,39.4948900,0.0000000
-74.5290500,39.4949000,0.0000000
-74.5290500,39.4949100,0.0000000
-74.5290400,39.4949200,0.0000000
-74.5290300,39.4949300,0.0000000
-74.5290200,39.4949400,0.0000000
-74.5290100,39.4949500,0.0000000
-74.5290100,39.4949600,0.0000000
-74.5290000,39.4949800,0.0000000
-74.5289900,39.4949800,0.0000000
-74.5289800,39.4949900,0.0000000
-74.5289700,39.4950000,0.0000000
-74.5289600,39.4950100,0.0000000
-74.5289500,39.4950100,0.0000000
-74.5289500,39.4950200,0.0000000
-74.5289400,39.4950300,0.0000000
-74.5289400,39.4950400,0.0000000
-74.5289200,39.4950600,0.0000000
-74.5289200,39.4950700,0.0000000
-74.5289200,39.4950800,0.0000000
-74.5289200,39.4950900,0.0000000
-74.5289100,39.4951000,0.0000000
-74.5289000,39.4951100,0.0000000
-74.5288900,39.4951100,0.0000000
-74.5288800,39.4951300,0.0000000
-74.5288800,39.4951400,0.0000000
-74.5288700,39.4951500,0.0000000
-74.5288600,39.4951600,0.0000000
-74.5288500,39.4951800,0.0000000
-74.5288400,39.4951900,0.0000000
-74.5288300,39.4952000,0.0000000
-74.5288200,39.4952100,0.0000000
-74.5288200,39.4952200,0.0000000
-74.5288200,39.4952400,0.0000000
-74.5288100,39.4952600,0.0000000
-74.5288100,39.4952700,0.0000000
-74.5287900,39.4952800,0.0000000
-74.5287900,39.4952900,0.0000000
-74.5287800,39.4953100,0.0000000
-74.5287700,39.4953200,0.0000000
-74.5287600,39.4953300,0.0000000
-74.5287600,39.4953400,0.0000000
-74.5287600,39.4953500,0.0000000
-74.5287500,39.4953700,0.0000000
-74.5287400,39.4953800,0.0000000
-74.5287400,39.4953900,0.0000000
-74.5287300,39.4954000,0.0000000
-74.5287200,39.4954100,0.0000000
-74.5287200,39.4954200,0.0000000
-74.5287100,39.4954300,0.0000000
-74.5287000,39.4954400,0.0000000
-74.5286900,39.4954500,0.0000000
-74.5286900,39.4954500,0.0000000
-74.5286900,39.4954600,0.0000000
-74.5286900,39.4954800,0.0000000
-74.5286800,39.4954900,0.0000000
-74.5286800,39.4955000,0.0000000
-74.5286800,39.4955200,0.0000000
-74.5286800,39.4955300,0.0000000
-74.5286700,39.4955400,0.0000000
-74.5286700,39.4955600,0.0000000
-74.5286700,39.4955700,0.0000000
-74.5286600,39.4955700,0.0000000
-74.5286600,39.4955800,0.0000000
-74.5286600,39.4955900,0.0000000
-74.5286600,39.4956100,0.0000000
-74.5286600,39.4956200,0.0000000
-74.5286600,39.4956300,0.0000000
-74.5286600,39.4956400,0.0000000
-74.5286500,39.4956600,0.0000000
-74.5286400,39.4956700,0.0000000
-74.5286300,39.4956700,0.0000000
-74.5286300,39.4956800,0.0000000
-74.5286300,39.4956900,0.0000000
-74.5286300,39.4957000,0.0000000
-74.5286400,39.4957200,0.0000000
-74.5286300,39.4957300,0.0000000
-74.5286300,39.4957400,0.0000000
-74.5286200,39.4957500,0.0000000
-74.5286200,39.4957500,0.0000000
